{"total_count": 103, "incomplete_results": false, "items": [{"id": 344809, "node_id": "MDEwOlJlcG9zaXRvcnkzNDQ4MDk=", "name": "CopyQ", "full_name": "hluk/CopyQ", "private": false, "owner": {"login": "hluk", "id": 38054, "node_id": "MDQ6VXNlcjM4MDU0", "avatar_url": "https://avatars.githubusercontent.com/u/38054?v=4", "gravatar_id": "", "url": "https://api.github.com/users/hluk", "html_url": "https://github.com/hluk", "followers_url": "https://api.github.com/users/hluk/followers", "following_url": "https://api.github.com/users/hluk/following{/other_user}", "gists_url": "https://api.github.com/users/hluk/gists{/gist_id}", "starred_url": "https://api.github.com/users/hluk/starred{/owner}{/repo}", "subscriptions_url": "https://api.github.com/users/hluk/subscriptions", "organizations_url": "https://api.github.com/users/hluk/orgs", "repos_url": "https://api.github.com/users/hluk/repos", "events_url": "https://api.github.com/users/hluk/events{/privacy}", "received_events_url": "https://api.github.com/users/hluk/received_events", "type": "User", "site_admin": false}, "html_url": "https://github.com/hluk/CopyQ", "description": "Clipboard manager with advanced features", "fork": false, "url": "https://api.github.com/repos/hluk/CopyQ", "forks_url": "https://api.github.com/repos/hluk/CopyQ/forks", "keys_url": "https://api.github.com/repos/hluk/CopyQ/keys{/key_id}", "collaborators_url": "https://api.github.com/repos/hluk/CopyQ/collaborators{/collaborator}", "teams_url": "https://api.github.com/repos/hluk/CopyQ/teams", "hooks_url": "https://api.github.com/repos/hluk/CopyQ/hooks", "issue_events_url": "https://api.github.com/repos/hluk/CopyQ/issues/events{/number}", "events_url": "https://api.github.com/repos/hluk/CopyQ/events", "assignees_url": "https://api.github.com/repos/hluk/CopyQ/assignees{/user}", "branches_url": "https://api.github.com/repos/hluk/CopyQ/branches{/branch}", "tags_url": "https://api.github.com/repos/hluk/CopyQ/tags", "blobs_url": "https://api.github.com/repos/hluk/CopyQ/git/blobs{/sha}", "git_tags_url": "https://api.github.com/repos/hluk/CopyQ/git/tags{/sha}", "git_refs_url": "https://api.github.com/repos/hluk/CopyQ/git/refs{/sha}", "trees_url": "https://api.github.com/repos/hluk/CopyQ/git/trees{/sha}", "statuses_url": "https://api.github.com/repos/hluk/CopyQ/statuses/{sha}", "languages_url": "https://api.github.com/repos/hluk/CopyQ/languages", "stargazers_url": "https://api.github.com/repos/hluk/CopyQ/stargazers", "contributors_url": "https://api.github.com/repos/hluk/CopyQ/contributors", "subscribers_url": "https://api.github.com/repos/hluk/CopyQ/subscribers", "subscription_url": "https://api.github.com/repos/hluk/CopyQ/subscription", "commits_url": "https://api.github.com/repos/hluk/CopyQ/commits{/sha}", "git_commits_url": "https://api.github.com/repos/hluk/CopyQ/git/commits{/sha}", "comments_url": "https://api.github.com/repos/hluk/CopyQ/comments{/number}", "issue_comment_url": "https://api.github.com/repos/hluk/CopyQ/issues/comments{/number}", "contents_url": "https://api.github.com/repos/hluk/CopyQ/contents/{+path}", "compare_url": "https://api.github.com/repos/hluk/CopyQ/compare/{base}...{head}", "merges_url": "https://api.github.com/repos/hluk/CopyQ/merges", "archive_url": "https://api.github.com/repos/hluk/CopyQ/{archive_format}{/ref}", "downloads_url": "https://api.github.com/repos/hluk/CopyQ/downloads", "issues_url": "https://api.github.com/repos/hluk/CopyQ/issues{/number}", "pulls_url": "https://api.github.com/repos/hluk/CopyQ/pulls{/number}", "milestones_url": "https://api.github.com/repos/hluk/CopyQ/milestones{/number}", "notifications_url": "https://api.github.com/repos/hluk/CopyQ/notifications{?since,all,participating}", "labels_url": "https://api.github.com/repos/hluk/CopyQ/labels{/name}", "releases_url": "https://api.github.com/repos/hluk/CopyQ/releases{/id}", "deployments_url": "https://api.github.com/repos/hluk/CopyQ/deployments", "created_at": "2009-10-21T13:35:38Z", "updated_at": "2022-08-24T17:42:03Z", "pushed_at": "2022-08-23T19:21:02Z", "git_url": "git://github.com/hluk/CopyQ.git", "ssh_url": "git@github.com:hluk/CopyQ.git", "clone_url": "https://github.com/hluk/CopyQ.git", "svn_url": "https://github.com/hluk/CopyQ", "homepage": "", "size": 36244, "stargazers_count": 5275, "watchers_count": 5275, "language": "C++", "has_issues": true, "has_projects": true, "has_downloads": true, "has_wiki": true, "has_pages": true, "forks_count": 329, "mirror_url": null, "archived": false, "disabled": false, "open_issues_count": 262, "license": {"key": "gpl-3.0", "name": "GNU General Public License v3.0", "spdx_id": "GPL-3.0", "url": "https://api.github.com/licenses/gpl-3.0", "node_id": "MDc6TGljZW5zZTk="}, "allow_forking": true, "is_template": false, "web_commit_signoff_required": false, "topics": ["clipboard", "clipboard-manager", "copyq", "cross-platform", "scripting", "tray"], "visibility": "public", "forks": 329, "open_issues": 262, "watchers": 5275, "default_branch": "master", "permissions": {"admin": false, "maintain": false, "push": false, "triage": false, "pull": true}, "score": 1.0}, {"id": 404319, "node_id": "MDEwOlJlcG9zaXRvcnk0MDQzMTk=", "name": "rest-client", "full_name": "rest-client/rest-client", "private": false, "owner": {"login": "rest-client", "id": 2386701, "node_id": "MDEyOk9yZ2FuaXphdGlvbjIzODY3MDE=", "avatar_url": "https://avatars.githubusercontent.com/u/2386701?v=4", "gravatar_id": "", "url": "https://api.github.com/users/rest-client", "html_url": "https://github.com/rest-client", "followers_url": "https://api.github.com/users/rest-client/followers", "following_url": "https://api.github.com/users/rest-client/following{/other_user}", "gists_url": "https://api.github.com/users/rest-client/gists{/gist_id}", "starred_url": "https://api.github.com/users/rest-client/starred{/owner}{/repo}", "subscriptions_url": "https://api.github.com/users/rest-client/subscriptions", "organizations_url": "https://api.github.com/users/rest-client/orgs", "repos_url": "https://api.github.com/users/rest-client/repos", "events_url": "https://api.github.com/users/rest-client/events{/privacy}", "received_events_url": "https://api.github.com/users/rest-client/received_events", "type": "Organization", "site_admin": false}, "html_url": "https://github.com/rest-client/rest-client", "description": "Simple HTTP and REST client for Ruby, inspired by microframework syntax for specifying actions.", "fork": false, "url": "https://api.github.com/repos/rest-client/rest-client", "forks_url": "https://api.github.com/repos/rest-client/rest-client/forks", "keys_url": "https://api.github.com/repos/rest-client/rest-client/keys{/key_id}", "collaborators_url": "https://api.github.com/repos/rest-client/rest-client/collaborators{/collaborator}", "teams_url": "https://api.github.com/repos/rest-client/rest-client/teams", "hooks_url": "https://api.github.com/repos/rest-client/rest-client/hooks", "issue_events_url": "https://api.github.com/repos/rest-client/rest-client/issues/events{/number}", "events_url": "https://api.github.com/repos/rest-client/rest-client/events", "assignees_url": "https://api.github.com/repos/rest-client/rest-client/assignees{/user}", "branches_url": "https://api.github.com/repos/rest-client/rest-client/branches{/branch}", "tags_url": "https://api.github.com/repos/rest-client/rest-client/tags", "blobs_url": "https://api.github.com/repos/rest-client/rest-client/git/blobs{/sha}", "git_tags_url": "https://api.github.com/repos/rest-client/rest-client/git/tags{/sha}", "git_refs_url": "https://api.github.com/repos/rest-client/rest-client/git/refs{/sha}", "trees_url": "https://api.github.com/repos/rest-client/rest-client/git/trees{/sha}", "statuses_url": "https://api.github.com/repos/rest-client/rest-client/statuses/{sha}", "languages_url": "https://api.github.com/repos/rest-client/rest-client/languages", "stargazers_url": "https://api.github.com/repos/rest-client/rest-client/stargazers", "contributors_url": "https://api.github.com/repos/rest-client/rest-client/contributors", "subscribers_url": "https://api.github.com/repos/rest-client/rest-client/subscribers", "subscription_url": "https://api.github.com/repos/rest-client/rest-client/subscription", "commits_url": "https://api.github.com/repos/rest-client/rest-client/commits{/sha}", "git_commits_url": "https://api.github.com/repos/rest-client/rest-client/git/commits{/sha}", "comments_url": "https://api.github.com/repos/rest-client/rest-client/comments{/number}", "issue_comment_url": "https://api.github.com/repos/rest-client/rest-client/issues/comments{/number}", "contents_url": "https://api.github.com/repos/rest-client/rest-client/contents/{+path}", "compare_url": "https://api.github.com/repos/rest-client/rest-client/compare/{base}...{head}", "merges_url": "https://api.github.com/repos/rest-client/rest-client/merges", "archive_url": "https://api.github.com/repos/rest-client/rest-client/{archive_format}{/ref}", "downloads_url": "https://api.github.com/repos/rest-client/rest-client/downloads", "issues_url": "https://api.github.com/repos/rest-client/rest-client/issues{/number}", "pulls_url": "https://api.github.com/repos/rest-client/rest-client/pulls{/number}", "milestones_url": "https://api.github.com/repos/rest-client/rest-client/milestones{/number}", "notifications_url": "https://api.github.com/repos/rest-client/rest-client/notifications{?since,all,participating}", "labels_url": "https://api.github.com/repos/rest-client/rest-client/labels{/name}", "releases_url": "https://api.github.com/repos/rest-client/rest-client/releases{/id}", "deployments_url": "https://api.github.com/repos/rest-client/rest-client/deployments", "created_at": "2009-12-07T19:34:29Z", "updated_at": "2022-08-20T10:27:31Z", "pushed_at": "2022-08-10T22:05:54Z", "git_url": "git://github.com/rest-client/rest-client.git", "ssh_url": "git@github.com:rest-client/rest-client.git", "clone_url": "https://github.com/rest-client/rest-client.git", "svn_url": "https://github.com/rest-client/rest-client", "homepage": "https://rubydoc.info/github/rest-client/rest-client/master", "size": 1458, "stargazers_count": 5163, "watchers_count": 5163, "language": "Ruby", "has_issues": true, "has_projects": true, "has_downloads": false, "has_wiki": true, "has_pages": false, "forks_count": 956, "mirror_url": null, "archived": false, "disabled": false, "open_issues_count": 136, "license": {"key": "mit", "name": "MIT License", "spdx_id": "MIT", "url": "https://api.github.com/licenses/mit", "node_id": "MDc6TGljZW5zZTEz"}, "allow_forking": true, "is_template": false, "web_commit_signoff_required": false, "topics": [], "visibility": "public", "forks": 956, "open_issues": 136, "watchers": 5163, "default_branch": "master", "permissions": {"admin": false, "maintain": false, "push": false, "triage": false, "pull": true}, "score": 1.0}, {"id": 114732, "node_id": "MDEwOlJlcG9zaXRvcnkxMTQ3MzI=", "name": "form", "full_name": "jquery-form/form", "private": false, "owner": {"login": "jquery-form", "id": 25109881, "node_id": "MDEyOk9yZ2FuaXphdGlvbjI1MTA5ODgx", "avatar_url": "https://avatars.githubusercontent.com/u/25109881?v=4", "gravatar_id": "", "url": "https://api.github.com/users/jquery-form", "html_url": "https://github.com/jquery-form", "followers_url": "https://api.github.com/users/jquery-form/followers", "following_url": "https://api.github.com/users/jquery-form/following{/other_user}", "gists_url": "https://api.github.com/users/jquery-form/gists{/gist_id}", "starred_url": "https://api.github.com/users/jquery-form/starred{/owner}{/repo}", "subscriptions_url": "https://api.github.com/users/jquery-form/subscriptions", "organizations_url": "https://api.github.com/users/jquery-form/orgs", "repos_url": "https://api.github.com/users/jquery-form/repos", "events_url": "https://api.github.com/users/jquery-form/events{/privacy}", "received_events_url": "https://api.github.com/users/jquery-form/received_events", "type": "Organization", "site_admin": false}, "html_url": "https://github.com/jquery-form/form", "description": "jQuery Form Plugin", "fork": false, "url": "https://api.github.com/repos/jquery-form/form", "forks_url": "https://api.github.com/repos/jquery-form/form/forks", "keys_url": "https://api.github.com/repos/jquery-form/form/keys{/key_id}", "collaborators_url": "https://api.github.com/repos/jquery-form/form/collaborators{/collaborator}", "teams_url": "https://api.github.com/repos/jquery-form/form/teams", "hooks_url": "https://api.github.com/repos/jquery-form/form/hooks", "issue_events_url": "https://api.github.com/repos/jquery-form/form/issues/events{/number}", "events_url": "https://api.github.com/repos/jquery-form/form/events", "assignees_url": "https://api.github.com/repos/jquery-form/form/assignees{/user}", "branches_url": "https://api.github.com/repos/jquery-form/form/branches{/branch}", "tags_url": "https://api.github.com/repos/jquery-form/form/tags", "blobs_url": "https://api.github.com/repos/jquery-form/form/git/blobs{/sha}", "git_tags_url": "https://api.github.com/repos/jquery-form/form/git/tags{/sha}", "git_refs_url": "https://api.github.com/repos/jquery-form/form/git/refs{/sha}", "trees_url": "https://api.github.com/repos/jquery-form/form/git/trees{/sha}", "statuses_url": "https://api.github.com/repos/jquery-form/form/statuses/{sha}", "languages_url": "https://api.github.com/repos/jquery-form/form/languages", "stargazers_url": "https://api.github.com/repos/jquery-form/form/stargazers", "contributors_url": "https://api.github.com/repos/jquery-form/form/contributors", "subscribers_url": "https://api.github.com/repos/jquery-form/form/subscribers", "subscription_url": "https://api.github.com/repos/jquery-form/form/subscription", "commits_url": "https://api.github.com/repos/jquery-form/form/commits{/sha}", "git_commits_url": "https://api.github.com/repos/jquery-form/form/git/commits{/sha}", "comments_url": "https://api.github.com/repos/jquery-form/form/comments{/number}", "issue_comment_url": "https://api.github.com/repos/jquery-form/form/issues/comments{/number}", "contents_url": "https://api.github.com/repos/jquery-form/form/contents/{+path}", "compare_url": "https://api.github.com/repos/jquery-form/form/compare/{base}...{head}", "merges_url": "https://api.github.com/repos/jquery-form/form/merges", "archive_url": "https://api.github.com/repos/jquery-form/form/{archive_format}{/ref}", "downloads_url": "https://api.github.com/repos/jquery-form/form/downloads", "issues_url": "https://api.github.com/repos/jquery-form/form/issues{/number}", "pulls_url": "https://api.github.com/repos/jquery-form/form/pulls{/number}", "milestones_url": "https://api.github.com/repos/jquery-form/form/milestones{/number}", "notifications_url": "https://api.github.com/repos/jquery-form/form/notifications{?since,all,participating}", "labels_url": "https://api.github.com/repos/jquery-form/form/labels{/name}", "releases_url": "https://api.github.com/repos/jquery-form/form/releases{/id}", "deployments_url": "https://api.github.com/repos/jquery-form/form/deployments", "created_at": "2009-01-26T03:52:13Z", "updated_at": "2022-08-24T11:33:35Z", "pushed_at": "2021-02-17T13:37:36Z", "git_url": "git://github.com/jquery-form/form.git", "ssh_url": "git@github.com:jquery-form/form.git", "clone_url": "https://github.com/jquery-form/form.git", "svn_url": "https://github.com/jquery-form/form", "homepage": "https://jquery-form.github.io/form/", "size": 1154, "stargazers_count": 5147, "watchers_count": 5147, "language": "JavaScript", "has_issues": true, "has_projects": false, "has_downloads": true, "has_wiki": false, "has_pages": true, "forks_count": 2187, "mirror_url": null, "archived": false, "disabled": false, "open_issues_count": 22, "license": {"key": "lgpl-2.1", "name": "GNU Lesser General Public License v2.1", "spdx_id": "LGPL-2.1", "url": "https://api.github.com/licenses/lgpl-2.1", "node_id": "MDc6TGljZW5zZTEx"}, "allow_forking": true, "is_template": false, "web_commit_signoff_required": false, "topics": ["ajax", "ajax-form", "form", "form-serialization", "html-form", "javascript", "jquery", "jquery-form", "jquery-plugin", "json", "json-form"], "visibility": "public", "forks": 2187, "open_issues": 22, "watchers": 5147, "default_branch": "master", "permissions": {"admin": false, "maintain": false, "push": false, "triage": false, "pull": true}, "score": 1.0}]}