{"total_count": 607, "incomplete_results": false, "items": [{"id": 10368942, "node_id": "MDEwOlJlcG9zaXRvcnkxMDM2ODk0Mg==", "name": "simplebar", "full_name": "Grsmto/simplebar", "private": false, "owner": {"login": "Grsmto", "id": 527559, "node_id": "MDQ6VXNlcjUyNzU1OQ==", "avatar_url": "https://avatars.githubusercontent.com/u/527559?v=4", "gravatar_id": "", "url": "https://api.github.com/users/Grsmto", "html_url": "https://github.com/Grsmto", "followers_url": "https://api.github.com/users/Grsmto/followers", "following_url": "https://api.github.com/users/Grsmto/following{/other_user}", "gists_url": "https://api.github.com/users/Grsmto/gists{/gist_id}", "starred_url": "https://api.github.com/users/Grsmto/starred{/owner}{/repo}", "subscriptions_url": "https://api.github.com/users/Grsmto/subscriptions", "organizations_url": "https://api.github.com/users/Grsmto/orgs", "repos_url": "https://api.github.com/users/Grsmto/repos", "events_url": "https://api.github.com/users/Grsmto/events{/privacy}", "received_events_url": "https://api.github.com/users/Grsmto/received_events", "type": "User", "site_admin": false}, "html_url": "https://github.com/Grsmto/simplebar", "description": "Custom scrollbars vanilla javascript library with native scroll, done simple, lightweight, easy to use and cross-browser.", "fork": false, "url": "https://api.github.com/repos/Grsmto/simplebar", "forks_url": "https://api.github.com/repos/Grsmto/simplebar/forks", "keys_url": "https://api.github.com/repos/Grsmto/simplebar/keys{/key_id}", "collaborators_url": "https://api.github.com/repos/Grsmto/simplebar/collaborators{/collaborator}", "teams_url": "https://api.github.com/repos/Grsmto/simplebar/teams", "hooks_url": "https://api.github.com/repos/Grsmto/simplebar/hooks", "issue_events_url": "https://api.github.com/repos/Grsmto/simplebar/issues/events{/number}", "events_url": "https://api.github.com/repos/Grsmto/simplebar/events", "assignees_url": "https://api.github.com/repos/Grsmto/simplebar/assignees{/user}", "branches_url": "https://api.github.com/repos/Grsmto/simplebar/branches{/branch}", "tags_url": "https://api.github.com/repos/Grsmto/simplebar/tags", "blobs_url": "https://api.github.com/repos/Grsmto/simplebar/git/blobs{/sha}", "git_tags_url": "https://api.github.com/repos/Grsmto/simplebar/git/tags{/sha}", "git_refs_url": "https://api.github.com/repos/Grsmto/simplebar/git/refs{/sha}", "trees_url": "https://api.github.com/repos/Grsmto/simplebar/git/trees{/sha}", "statuses_url": "https://api.github.com/repos/Grsmto/simplebar/statuses/{sha}", "languages_url": "https://api.github.com/repos/Grsmto/simplebar/languages", "stargazers_url": "https://api.github.com/repos/Grsmto/simplebar/stargazers", "contributors_url": "https://api.github.com/repos/Grsmto/simplebar/contributors", "subscribers_url": "https://api.github.com/repos/Grsmto/simplebar/subscribers", "subscription_url": "https://api.github.com/repos/Grsmto/simplebar/subscription", "commits_url": "https://api.github.com/repos/Grsmto/simplebar/commits{/sha}", "git_commits_url": "https://api.github.com/repos/Grsmto/simplebar/git/commits{/sha}", "comments_url": "https://api.github.com/repos/Grsmto/simplebar/comments{/number}", "issue_comment_url": "https://api.github.com/repos/Grsmto/simplebar/issues/comments{/number}", "contents_url": "https://api.github.com/repos/Grsmto/simplebar/contents/{+path}", "compare_url": "https://api.github.com/repos/Grsmto/simplebar/compare/{base}...{head}", "merges_url": "https://api.github.com/repos/Grsmto/simplebar/merges", "archive_url": "https://api.github.com/repos/Grsmto/simplebar/{archive_format}{/ref}", "downloads_url": "https://api.github.com/repos/Grsmto/simplebar/downloads", "issues_url": "https://api.github.com/repos/Grsmto/simplebar/issues{/number}", "pulls_url": "https://api.github.com/repos/Grsmto/simplebar/pulls{/number}", "milestones_url": "https://api.github.com/repos/Grsmto/simplebar/milestones{/number}", "notifications_url": "https://api.github.com/repos/Grsmto/simplebar/notifications{?since,all,participating}", "labels_url": "https://api.github.com/repos/Grsmto/simplebar/labels{/name}", "releases_url": "https://api.github.com/repos/Grsmto/simplebar/releases{/id}", "deployments_url": "https://api.github.com/repos/Grsmto/simplebar/deployments", "created_at": "2013-05-29T20:39:40Z", "updated_at": "2022-08-24T17:27:44Z", "pushed_at": "2022-08-10T15:22:37Z", "git_url": "git://github.com/Grsmto/simplebar.git", "ssh_url": "git@github.com:Grsmto/simplebar.git", "clone_url": "https://github.com/Grsmto/simplebar.git", "svn_url": "https://github.com/Grsmto/simplebar", "homepage": "http://grsmto.github.io/simplebar/", "size": 15211, "stargazers_count": 5046, "watchers_count": 5046, "language": "JavaScript", "has_issues": true, "has_projects": true, "has_downloads": true, "has_wiki": false, "has_pages": true, "forks_count": 496, "mirror_url": null, "archived": false, "disabled": false, "open_issues_count": 141, "license": {"key": "mit", "name": "MIT License", "spdx_id": "MIT", "url": "https://api.github.com/licenses/mit", "node_id": "MDc6TGljZW5zZTEz"}, "allow_forking": true, "is_template": false, "web_commit_signoff_required": false, "topics": [], "visibility": "public", "forks": 496, "open_issues": 141, "watchers": 5046, "default_branch": "master", "permissions": {"admin": false, "maintain": false, "push": false, "triage": false, "pull": true}, "score": 1.0}, {"id": 9139994, "node_id": "MDEwOlJlcG9zaXRvcnk5MTM5OTk0", "name": "chardin.js", "full_name": "heelhook/chardin.js", "private": false, "owner": {"login": "heelhook", "id": 779813, "node_id": "MDQ6VXNlcjc3OTgxMw==", "avatar_url": "https://avatars.githubusercontent.com/u/779813?v=4", "gravatar_id": "", "url": "https://api.github.com/users/heelhook", "html_url": "https://github.com/heelhook", "followers_url": "https://api.github.com/users/heelhook/followers", "following_url": "https://api.github.com/users/heelhook/following{/other_user}", "gists_url": "https://api.github.com/users/heelhook/gists{/gist_id}", "starred_url": "https://api.github.com/users/heelhook/starred{/owner}{/repo}", "subscriptions_url": "https://api.github.com/users/heelhook/subscriptions", "organizations_url": "https://api.github.com/users/heelhook/orgs", "repos_url": "https://api.github.com/users/heelhook/repos", "events_url": "https://api.github.com/users/heelhook/events{/privacy}", "received_events_url": "https://api.github.com/users/heelhook/received_events", "type": "User", "site_admin": false}, "html_url": "https://github.com/heelhook/chardin.js", "description": "Simple overlay instructions for your apps.", "fork": false, "url": "https://api.github.com/repos/heelhook/chardin.js", "forks_url": "https://api.github.com/repos/heelhook/chardin.js/forks", "keys_url": "https://api.github.com/repos/heelhook/chardin.js/keys{/key_id}", "collaborators_url": "https://api.github.com/repos/heelhook/chardin.js/collaborators{/collaborator}", "teams_url": "https://api.github.com/repos/heelhook/chardin.js/teams", "hooks_url": "https://api.github.com/repos/heelhook/chardin.js/hooks", "issue_events_url": "https://api.github.com/repos/heelhook/chardin.js/issues/events{/number}", "events_url": "https://api.github.com/repos/heelhook/chardin.js/events", "assignees_url": "https://api.github.com/repos/heelhook/chardin.js/assignees{/user}", "branches_url": "https://api.github.com/repos/heelhook/chardin.js/branches{/branch}", "tags_url": "https://api.github.com/repos/heelhook/chardin.js/tags", "blobs_url": "https://api.github.com/repos/heelhook/chardin.js/git/blobs{/sha}", "git_tags_url": "https://api.github.com/repos/heelhook/chardin.js/git/tags{/sha}", "git_refs_url": "https://api.github.com/repos/heelhook/chardin.js/git/refs{/sha}", "trees_url": "https://api.github.com/repos/heelhook/chardin.js/git/trees{/sha}", "statuses_url": "https://api.github.com/repos/heelhook/chardin.js/statuses/{sha}", "languages_url": "https://api.github.com/repos/heelhook/chardin.js/languages", "stargazers_url": "https://api.github.com/repos/heelhook/chardin.js/stargazers", "contributors_url": "https://api.github.com/repos/heelhook/chardin.js/contributors", "subscribers_url": "https://api.github.com/repos/heelhook/chardin.js/subscribers", "subscription_url": "https://api.github.com/repos/heelhook/chardin.js/subscription", "commits_url": "https://api.github.com/repos/heelhook/chardin.js/commits{/sha}", "git_commits_url": "https://api.github.com/repos/heelhook/chardin.js/git/commits{/sha}", "comments_url": "https://api.github.com/repos/heelhook/chardin.js/comments{/number}", "issue_comment_url": "https://api.github.com/repos/heelhook/chardin.js/issues/comments{/number}", "contents_url": "https://api.github.com/repos/heelhook/chardin.js/contents/{+path}", "compare_url": "https://api.github.com/repos/heelhook/chardin.js/compare/{base}...{head}", "merges_url": "https://api.github.com/repos/heelhook/chardin.js/merges", "archive_url": "https://api.github.com/repos/heelhook/chardin.js/{archive_format}{/ref}", "downloads_url": "https://api.github.com/repos/heelhook/chardin.js/downloads", "issues_url": "https://api.github.com/repos/heelhook/chardin.js/issues{/number}", "pulls_url": "https://api.github.com/repos/heelhook/chardin.js/pulls{/number}", "milestones_url": "https://api.github.com/repos/heelhook/chardin.js/milestones{/number}", "notifications_url": "https://api.github.com/repos/heelhook/chardin.js/notifications{?since,all,participating}", "labels_url": "https://api.github.com/repos/heelhook/chardin.js/labels{/name}", "releases_url": "https://api.github.com/repos/heelhook/chardin.js/releases{/id}", "deployments_url": "https://api.github.com/repos/heelhook/chardin.js/deployments", "created_at": "2013-04-01T02:58:47Z", "updated_at": "2022-08-23T13:49:43Z", "pushed_at": "2022-07-26T13:48:23Z", "git_url": "git://github.com/heelhook/chardin.js.git", "ssh_url": "git@github.com:heelhook/chardin.js.git", "clone_url": "https://github.com/heelhook/chardin.js.git", "svn_url": "https://github.com/heelhook/chardin.js", "homepage": "https://heelhook.github.io/chardin.js/", "size": 703, "stargazers_count": 5017, "watchers_count": 5017, "language": "JavaScript", "has_issues": true, "has_projects": true, "has_downloads": true, "has_wiki": true, "has_pages": true, "forks_count": 530, "mirror_url": null, "archived": false, "disabled": false, "open_issues_count": 23, "license": {"key": "other", "name": "Other", "spdx_id": "NOASSERTION", "url": null, "node_id": "MDc6TGljZW5zZTA="}, "allow_forking": true, "is_template": false, "web_commit_signoff_required": false, "topics": [], "visibility": "public", "forks": 530, "open_issues": 23, "watchers": 5017, "default_branch": "master", "permissions": {"admin": false, "maintain": false, "push": false, "triage": false, "pull": true}, "score": 1.0}, {"id": 15479087, "node_id": "MDEwOlJlcG9zaXRvcnkxNTQ3OTA4Nw==", "name": "OctoLinker", "full_name": "OctoLinker/OctoLinker", "private": false, "owner": {"login": "OctoLinker", "id": 10505593, "node_id": "MDEyOk9yZ2FuaXphdGlvbjEwNTA1NTkz", "avatar_url": "https://avatars.githubusercontent.com/u/10505593?v=4", "gravatar_id": "", "url": "https://api.github.com/users/OctoLinker", "html_url": "https://github.com/OctoLinker", "followers_url": "https://api.github.com/users/OctoLinker/followers", "following_url": "https://api.github.com/users/OctoLinker/following{/other_user}", "gists_url": "https://api.github.com/users/OctoLinker/gists{/gist_id}", "starred_url": "https://api.github.com/users/OctoLinker/starred{/owner}{/repo}", "subscriptions_url": "https://api.github.com/users/OctoLinker/subscriptions", "organizations_url": "https://api.github.com/users/OctoLinker/orgs", "repos_url": "https://api.github.com/users/OctoLinker/repos", "events_url": "https://api.github.com/users/OctoLinker/events{/privacy}", "received_events_url": "https://api.github.com/users/OctoLinker/received_events", "type": "Organization", "site_admin": false}, "html_url": "https://github.com/OctoLinker/OctoLinker", "description": "OctoLinker — Links together, what belongs together", "fork": false, "url": "https://api.github.com/repos/OctoLinker/OctoLinker", "forks_url": "https://api.github.com/repos/OctoLinker/OctoLinker/forks", "keys_url": "https://api.github.com/repos/OctoLinker/OctoLinker/keys{/key_id}", "collaborators_url": "https://api.github.com/repos/OctoLinker/OctoLinker/collaborators{/collaborator}", "teams_url": "https://api.github.com/repos/OctoLinker/OctoLinker/teams", "hooks_url": "https://api.github.com/repos/OctoLinker/OctoLinker/hooks", "issue_events_url": "https://api.github.com/repos/OctoLinker/OctoLinker/issues/events{/number}", "events_url": "https://api.github.com/repos/OctoLinker/OctoLinker/events", "assignees_url": "https://api.github.com/repos/OctoLinker/OctoLinker/assignees{/user}", "branches_url": "https://api.github.com/repos/OctoLinker/OctoLinker/branches{/branch}", "tags_url": "https://api.github.com/repos/OctoLinker/OctoLinker/tags", "blobs_url": "https://api.github.com/repos/OctoLinker/OctoLinker/git/blobs{/sha}", "git_tags_url": "https://api.github.com/repos/OctoLinker/OctoLinker/git/tags{/sha}", "git_refs_url": "https://api.github.com/repos/OctoLinker/OctoLinker/git/refs{/sha}", "trees_url": "https://api.github.com/repos/OctoLinker/OctoLinker/git/trees{/sha}", "statuses_url": "https://api.github.com/repos/OctoLinker/OctoLinker/statuses/{sha}", "languages_url": "https://api.github.com/repos/OctoLinker/OctoLinker/languages", "stargazers_url": "https://api.github.com/repos/OctoLinker/OctoLinker/stargazers", "contributors_url": "https://api.github.com/repos/OctoLinker/OctoLinker/contributors", "subscribers_url": "https://api.github.com/repos/OctoLinker/OctoLinker/subscribers", "subscription_url": "https://api.github.com/repos/OctoLinker/OctoLinker/subscription", "commits_url": "https://api.github.com/repos/OctoLinker/OctoLinker/commits{/sha}", "git_commits_url": "https://api.github.com/repos/OctoLinker/OctoLinker/git/commits{/sha}", "comments_url": "https://api.github.com/repos/OctoLinker/OctoLinker/comments{/number}", "issue_comment_url": "https://api.github.com/repos/OctoLinker/OctoLinker/issues/comments{/number}", "contents_url": "https://api.github.com/repos/OctoLinker/OctoLinker/contents/{+path}", "compare_url": "https://api.github.com/repos/OctoLinker/OctoLinker/compare/{base}...{head}", "merges_url": "https://api.github.com/repos/OctoLinker/OctoLinker/merges", "archive_url": "https://api.github.com/repos/OctoLinker/OctoLinker/{archive_format}{/ref}", "downloads_url": "https://api.github.com/repos/OctoLinker/OctoLinker/downloads", "issues_url": "https://api.github.com/repos/OctoLinker/OctoLinker/issues{/number}", "pulls_url": "https://api.github.com/repos/OctoLinker/OctoLinker/pulls{/number}", "milestones_url": "https://api.github.com/repos/OctoLinker/OctoLinker/milestones{/number}", "notifications_url": "https://api.github.com/repos/OctoLinker/OctoLinker/notifications{?since,all,participating}", "labels_url": "https://api.github.com/repos/OctoLinker/OctoLinker/labels{/name}", "releases_url": "https://api.github.com/repos/OctoLinker/OctoLinker/releases{/id}", "deployments_url": "https://api.github.com/repos/OctoLinker/OctoLinker/deployments", "created_at": "2013-12-27T18:01:52Z", "updated_at": "2022-08-24T17:55:39Z", "pushed_at": "2022-08-22T12:07:16Z", "git_url": "git://github.com/OctoLinker/OctoLinker.git", "ssh_url": "git@github.com:OctoLinker/OctoLinker.git", "clone_url": "https://github.com/OctoLinker/OctoLinker.git", "svn_url": "https://github.com/OctoLinker/OctoLinker", "homepage": "https://octolinker.vercel.app", "size": 66801, "stargazers_count": 5015, "watchers_count": 5015, "language": "HTML", "has_issues": true, "has_projects": false, "has_downloads": true, "has_wiki": false, "has_pages": false, "forks_count": 314, "mirror_url": null, "archived": false, "disabled": false, "open_issues_count": 51, "license": {"key": "mit", "name": "MIT License", "spdx_id": "MIT", "url": "https://api.github.com/licenses/mit", "node_id": "MDc6TGljZW5zZTEz"}, "allow_forking": true, "is_template": false, "web_commit_signoff_required": false, "topics": ["browser-extension", "github", "github-extension", "hacktoberfest", "octolinker", "productivity"], "visibility": "public", "forks": 314, "open_issues": 51, "watchers": 5015, "default_branch": "main", "permissions": {"admin": false, "maintain": false, "push": false, "triage": false, "pull": true}, "score": 1.0}, {"id": 11010098, "node_id": "MDEwOlJlcG9zaXRvcnkxMTAxMDA5OA==", "name": "epoch", "full_name": "epochjs/epoch", "private": false, "owner": {"login": "epochjs", "id": 14932104, "node_id": "MDEyOk9yZ2FuaXphdGlvbjE0OTMyMTA0", "avatar_url": "https://avatars.githubusercontent.com/u/14932104?v=4", "gravatar_id": "", "url": "https://api.github.com/users/epochjs", "html_url": "https://github.com/epochjs", "followers_url": "https://api.github.com/users/epochjs/followers", "following_url": "https://api.github.com/users/epochjs/following{/other_user}", "gists_url": "https://api.github.com/users/epochjs/gists{/gist_id}", "starred_url": "https://api.github.com/users/epochjs/starred{/owner}{/repo}", "subscriptions_url": "https://api.github.com/users/epochjs/subscriptions", "organizations_url": "https://api.github.com/users/epochjs/orgs", "repos_url": "https://api.github.com/users/epochjs/repos", "events_url": "https://api.github.com/users/epochjs/events{/privacy}", "received_events_url": "https://api.github.com/users/epochjs/received_events", "type": "Organization", "site_admin": false}, "html_url": "https://github.com/epochjs/epoch", "description": "A general purpose, real-time visualization library.", "fork": false, "url": "https://api.github.com/repos/epochjs/epoch", "forks_url": "https://api.github.com/repos/epochjs/epoch/forks", "keys_url": "https://api.github.com/repos/epochjs/epoch/keys{/key_id}", "collaborators_url": "https://api.github.com/repos/epochjs/epoch/collaborators{/collaborator}", "teams_url": "https://api.github.com/repos/epochjs/epoch/teams", "hooks_url": "https://api.github.com/repos/epochjs/epoch/hooks", "issue_events_url": "https://api.github.com/repos/epochjs/epoch/issues/events{/number}", "events_url": "https://api.github.com/repos/epochjs/epoch/events", "assignees_url": "https://api.github.com/repos/epochjs/epoch/assignees{/user}", "branches_url": "https://api.github.com/repos/epochjs/epoch/branches{/branch}", "tags_url": "https://api.github.com/repos/epochjs/epoch/tags", "blobs_url": "https://api.github.com/repos/epochjs/epoch/git/blobs{/sha}", "git_tags_url": "https://api.github.com/repos/epochjs/epoch/git/tags{/sha}", "git_refs_url": "https://api.github.com/repos/epochjs/epoch/git/refs{/sha}", "trees_url": "https://api.github.com/repos/epochjs/epoch/git/trees{/sha}", "statuses_url": "https://api.github.com/repos/epochjs/epoch/statuses/{sha}", "languages_url": "https://api.github.com/repos/epochjs/epoch/languages", "stargazers_url": "https://api.github.com/repos/epochjs/epoch/stargazers", "contributors_url": "https://api.github.com/repos/epochjs/epoch/contributors", "subscribers_url": "https://api.github.com/repos/epochjs/epoch/subscribers", "subscription_url": "https://api.github.com/repos/epochjs/epoch/subscription", "commits_url": "https://api.github.com/repos/epochjs/epoch/commits{/sha}", "git_commits_url": "https://api.github.com/repos/epochjs/epoch/git/commits{/sha}", "comments_url": "https://api.github.com/repos/epochjs/epoch/comments{/number}", "issue_comment_url": "https://api.github.com/repos/epochjs/epoch/issues/comments{/number}", "contents_url": "https://api.github.com/repos/epochjs/epoch/contents/{+path}", "compare_url": "https://api.github.com/repos/epochjs/epoch/compare/{base}...{head}", "merges_url": "https://api.github.com/repos/epochjs/epoch/merges", "archive_url": "https://api.github.com/repos/epochjs/epoch/{archive_format}{/ref}", "downloads_url": "https://api.github.com/repos/epochjs/epoch/downloads", "issues_url": "https://api.github.com/repos/epochjs/epoch/issues{/number}", "pulls_url": "https://api.github.com/repos/epochjs/epoch/pulls{/number}", "milestones_url": "https://api.github.com/repos/epochjs/epoch/milestones{/number}", "notifications_url": "https://api.github.com/repos/epochjs/epoch/notifications{?since,all,participating}", "labels_url": "https://api.github.com/repos/epochjs/epoch/labels{/name}", "releases_url": "https://api.github.com/repos/epochjs/epoch/releases{/id}", "deployments_url": "https://api.github.com/repos/epochjs/epoch/deployments", "created_at": "2013-06-27T23:04:32Z", "updated_at": "2022-08-22T13:20:27Z", "pushed_at": "2019-02-14T08:38:22Z", "git_url": "git://github.com/epochjs/epoch.git", "ssh_url": "git@github.com:epochjs/epoch.git", "clone_url": "https://github.com/epochjs/epoch.git", "svn_url": "https://github.com/epochjs/epoch", "homepage": "http://epochjs.github.io/epoch", "size": 2131, "stargazers_count": 5013, "watchers_count": 5013, "language": "HTML", "has_issues": true, "has_projects": true, "has_downloads": true, "has_wiki": false, "has_pages": true, "forks_count": 299, "mirror_url": null, "archived": false, "disabled": false, "open_issues_count": 72, "license": {"key": "mit", "name": "MIT License", "spdx_id": "MIT", "url": "https://api.github.com/licenses/mit", "node_id": "MDc6TGljZW5zZTEz"}, "allow_forking": true, "is_template": false, "web_commit_signoff_required": false, "topics": [], "visibility": "public", "forks": 299, "open_issues": 72, "watchers": 5013, "default_branch": "master", "permissions": {"admin": false, "maintain": false, "push": false, "triage": false, "pull": true}, "score": 1.0}, {"id": 10854028, "node_id": "MDEwOlJlcG9zaXRvcnkxMDg1NDAyOA==", "name": "elasticsearch-js", "full_name": "elastic/elasticsearch-js", "private": false, "owner": {"login": "elastic", "id": 6764390, "node_id": "MDEyOk9yZ2FuaXphdGlvbjY3NjQzOTA=", "avatar_url": "https://avatars.githubusercontent.com/u/6764390?v=4", "gravatar_id": "", "url": "https://api.github.com/users/elastic", "html_url": "https://github.com/elastic", "followers_url": "https://api.github.com/users/elastic/followers", "following_url": "https://api.github.com/users/elastic/following{/other_user}", "gists_url": "https://api.github.com/users/elastic/gists{/gist_id}", "starred_url": "https://api.github.com/users/elastic/starred{/owner}{/repo}", "subscriptions_url": "https://api.github.com/users/elastic/subscriptions", "organizations_url": "https://api.github.com/users/elastic/orgs", "repos_url": "https://api.github.com/users/elastic/repos", "events_url": "https://api.github.com/users/elastic/events{/privacy}", "received_events_url": "https://api.github.com/users/elastic/received_events", "type": "Organization", "site_admin": false}, "html_url": "https://github.com/elastic/elasticsearch-js", "description": "Official Elasticsearch client library for Node.js", "fork": false, "url": "https://api.github.com/repos/elastic/elasticsearch-js", "forks_url": "https://api.github.com/repos/elastic/elasticsearch-js/forks", "keys_url": "https://api.github.com/repos/elastic/elasticsearch-js/keys{/key_id}", "collaborators_url": "https://api.github.com/repos/elastic/elasticsearch-js/collaborators{/collaborator}", "teams_url": "https://api.github.com/repos/elastic/elasticsearch-js/teams", "hooks_url": "https://api.github.com/repos/elastic/elasticsearch-js/hooks", "issue_events_url": "https://api.github.com/repos/elastic/elasticsearch-js/issues/events{/number}", "events_url": "https://api.github.com/repos/elastic/elasticsearch-js/events", "assignees_url": "https://api.github.com/repos/elastic/elasticsearch-js/assignees{/user}", "branches_url": "https://api.github.com/repos/elastic/elasticsearch-js/branches{/branch}", "tags_url": "https://api.github.com/repos/elastic/elasticsearch-js/tags", "blobs_url": "https://api.github.com/repos/elastic/elasticsearch-js/git/blobs{/sha}", "git_tags_url": "https://api.github.com/repos/elastic/elasticsearch-js/git/tags{/sha}", "git_refs_url": "https://api.github.com/repos/elastic/elasticsearch-js/git/refs{/sha}", "trees_url": "https://api.github.com/repos/elastic/elasticsearch-js/git/trees{/sha}", "statuses_url": "https://api.github.com/repos/elastic/elasticsearch-js/statuses/{sha}", "languages_url": "https://api.github.com/repos/elastic/elasticsearch-js/languages", "stargazers_url": "https://api.github.com/repos/elastic/elasticsearch-js/stargazers", "contributors_url": "https://api.github.com/repos/elastic/elasticsearch-js/contributors", "subscribers_url": "https://api.github.com/repos/elastic/elasticsearch-js/subscribers", "subscription_url": "https://api.github.com/repos/elastic/elasticsearch-js/subscription", "commits_url": "https://api.github.com/repos/elastic/elasticsearch-js/commits{/sha}", "git_commits_url": "https://api.github.com/repos/elastic/elasticsearch-js/git/commits{/sha}", "comments_url": "https://api.github.com/repos/elastic/elasticsearch-js/comments{/number}", "issue_comment_url": "https://api.github.com/repos/elastic/elasticsearch-js/issues/comments{/number}", "contents_url": "https://api.github.com/repos/elastic/elasticsearch-js/contents/{+path}", "compare_url": "https://api.github.com/repos/elastic/elasticsearch-js/compare/{base}...{head}", "merges_url": "https://api.github.com/repos/elastic/elasticsearch-js/merges", "archive_url": "https://api.github.com/repos/elastic/elasticsearch-js/{archive_format}{/ref}", "downloads_url": "https://api.github.com/repos/elastic/elasticsearch-js/downloads", "issues_url": "https://api.github.com/repos/elastic/elasticsearch-js/issues{/number}", "pulls_url": "https://api.github.com/repos/elastic/elasticsearch-js/pulls{/number}", "milestones_url": "https://api.github.com/repos/elastic/elasticsearch-js/milestones{/number}", "notifications_url": "https://api.github.com/repos/elastic/elasticsearch-js/notifications{?since,all,participating}", "labels_url": "https://api.github.com/repos/elastic/elasticsearch-js/labels{/name}", "releases_url": "https://api.github.com/repos/elastic/elasticsearch-js/releases{/id}", "deployments_url": "https://api.github.com/repos/elastic/elasticsearch-js/deployments", "created_at": "2013-06-21T22:27:36Z", "updated_at": "2022-08-24T14:10:07Z", "pushed_at": "2022-08-24T13:57:37Z", "git_url": "git://github.com/elastic/elasticsearch-js.git", "ssh_url": "git@github.com:elastic/elasticsearch-js.git", "clone_url": "https://github.com/elastic/elasticsearch-js.git", "svn_url": "https://github.com/elastic/elasticsearch-js", "homepage": "https://ela.st/js-client", "size": 15746, "stargazers_count": 5007, "watchers_count": 5007, "language": "TypeScript", "has_issues": true, "has_projects": true, "has_downloads": true, "has_wiki": false, "has_pages": false, "forks_count": 708, "mirror_url": null, "archived": false, "disabled": false, "open_issues_count": 46, "license": {"key": "apache-2.0", "name": "Apache License 2.0", "spdx_id": "Apache-2.0", "url": "https://api.github.com/licenses/apache-2.0", "node_id": "MDc6TGljZW5zZTI="}, "allow_forking": true, "is_template": false, "web_commit_signoff_required": false, "topics": ["client", "elasticsearch", "javascript", "nodejs", "rest"], "visibility": "public", "forks": 708, "open_issues": 46, "watchers": 5007, "default_branch": "main", "permissions": {"admin": false, "maintain": false, "push": false, "triage": false, "pull": true}, "score": 1.0}, {"id": 13362280, "node_id": "MDEwOlJlcG9zaXRvcnkxMzM2MjI4MA==", "name": "angularjs-style-guide", "full_name": "mgechev/angularjs-style-guide", "private": false, "owner": {"login": "mgechev", "id": 455023, "node_id": "MDQ6VXNlcjQ1NTAyMw==", "avatar_url": "https://avatars.githubusercontent.com/u/455023?v=4", "gravatar_id": "", "url": "https://api.github.com/users/mgechev", "html_url": "https://github.com/mgechev", "followers_url": "https://api.github.com/users/mgechev/followers", "following_url": "https://api.github.com/users/mgechev/following{/other_user}", "gists_url": "https://api.github.com/users/mgechev/gists{/gist_id}", "starred_url": "https://api.github.com/users/mgechev/starred{/owner}{/repo}", "subscriptions_url": "https://api.github.com/users/mgechev/subscriptions", "organizations_url": "https://api.github.com/users/mgechev/orgs", "repos_url": "https://api.github.com/users/mgechev/repos", "events_url": "https://api.github.com/users/mgechev/events{/privacy}", "received_events_url": "https://api.github.com/users/mgechev/received_events", "type": "User", "site_admin": false}, "html_url": "https://github.com/mgechev/angularjs-style-guide", "description": "📚 Community-driven set of best practices for AngularJS application development", "fork": false, "url": "https://api.github.com/repos/mgechev/angularjs-style-guide", "forks_url": "https://api.github.com/repos/mgechev/angularjs-style-guide/forks", "keys_url": "https://api.github.com/repos/mgechev/angularjs-style-guide/keys{/key_id}", "collaborators_url": "https://api.github.com/repos/mgechev/angularjs-style-guide/collaborators{/collaborator}", "teams_url": "https://api.github.com/repos/mgechev/angularjs-style-guide/teams", "hooks_url": "https://api.github.com/repos/mgechev/angularjs-style-guide/hooks", "issue_events_url": "https://api.github.com/repos/mgechev/angularjs-style-guide/issues/events{/number}", "events_url": "https://api.github.com/repos/mgechev/angularjs-style-guide/events", "assignees_url": "https://api.github.com/repos/mgechev/angularjs-style-guide/assignees{/user}", "branches_url": "https://api.github.com/repos/mgechev/angularjs-style-guide/branches{/branch}", "tags_url": "https://api.github.com/repos/mgechev/angularjs-style-guide/tags", "blobs_url": "https://api.github.com/repos/mgechev/angularjs-style-guide/git/blobs{/sha}", "git_tags_url": "https://api.github.com/repos/mgechev/angularjs-style-guide/git/tags{/sha}", "git_refs_url": "https://api.github.com/repos/mgechev/angularjs-style-guide/git/refs{/sha}", "trees_url": "https://api.github.com/repos/mgechev/angularjs-style-guide/git/trees{/sha}", "statuses_url": "https://api.github.com/repos/mgechev/angularjs-style-guide/statuses/{sha}", "languages_url": "https://api.github.com/repos/mgechev/angularjs-style-guide/languages", "stargazers_url": "https://api.github.com/repos/mgechev/angularjs-style-guide/stargazers", "contributors_url": "https://api.github.com/repos/mgechev/angularjs-style-guide/contributors", "subscribers_url": "https://api.github.com/repos/mgechev/angularjs-style-guide/subscribers", "subscription_url": "https://api.github.com/repos/mgechev/angularjs-style-guide/subscription", "commits_url": "https://api.github.com/repos/mgechev/angularjs-style-guide/commits{/sha}", "git_commits_url": "https://api.github.com/repos/mgechev/angularjs-style-guide/git/commits{/sha}", "comments_url": "https://api.github.com/repos/mgechev/angularjs-style-guide/comments{/number}", "issue_comment_url": "https://api.github.com/repos/mgechev/angularjs-style-guide/issues/comments{/number}", "contents_url": "https://api.github.com/repos/mgechev/angularjs-style-guide/contents/{+path}", "compare_url": "https://api.github.com/repos/mgechev/angularjs-style-guide/compare/{base}...{head}", "merges_url": "https://api.github.com/repos/mgechev/angularjs-style-guide/merges", "archive_url": "https://api.github.com/repos/mgechev/angularjs-style-guide/{archive_format}{/ref}", "downloads_url": "https://api.github.com/repos/mgechev/angularjs-style-guide/downloads", "issues_url": "https://api.github.com/repos/mgechev/angularjs-style-guide/issues{/number}", "pulls_url": "https://api.github.com/repos/mgechev/angularjs-style-guide/pulls{/number}", "milestones_url": "https://api.github.com/repos/mgechev/angularjs-style-guide/milestones{/number}", "notifications_url": "https://api.github.com/repos/mgechev/angularjs-style-guide/notifications{?since,all,participating}", "labels_url": "https://api.github.com/repos/mgechev/angularjs-style-guide/labels{/name}", "releases_url": "https://api.github.com/repos/mgechev/angularjs-style-guide/releases{/id}", "deployments_url": "https://api.github.com/repos/mgechev/angularjs-style-guide/deployments", "created_at": "2013-10-06T13:06:44Z", "updated_at": "2022-08-23T18:35:44Z", "pushed_at": "2019-01-09T23:20:03Z", "git_url": "git://github.com/mgechev/angularjs-style-guide.git", "ssh_url": "git@github.com:mgechev/angularjs-style-guide.git", "clone_url": "https://github.com/mgechev/angularjs-style-guide.git", "svn_url": "https://github.com/mgechev/angularjs-style-guide", "homepage": "https://mgechev.github.io/angularjs-style-guide/", "size": 1028, "stargazers_count": 5007, "watchers_count": 5007, "language": null, "has_issues": true, "has_projects": true, "has_downloads": true, "has_wiki": true, "has_pages": true, "forks_count": 674, "mirror_url": null, "archived": false, "disabled": false, "open_issues_count": 4, "license": {"key": "mit", "name": "MIT License", "spdx_id": "MIT", "url": "https://api.github.com/licenses/mit", "node_id": "MDc6TGljZW5zZTEz"}, "allow_forking": true, "is_template": false, "web_commit_signoff_required": false, "topics": ["angularjs", "best-practices"], "visibility": "public", "forks": 674, "open_issues": 4, "watchers": 5007, "default_branch": "master", "permissions": {"admin": false, "maintain": false, "push": false, "triage": false, "pull": true}, "score": 1.0}, {"id": 10697582, "node_id": "MDEwOlJlcG9zaXRvcnkxMDY5NzU4Mg==", "name": "node-jscs", "full_name": "jscs-dev/node-jscs", "private": false, "owner": {"login": "jscs-dev", "id": 8018201, "node_id": "MDEyOk9yZ2FuaXphdGlvbjgwMTgyMDE=", "avatar_url": "https://avatars.githubusercontent.com/u/8018201?v=4", "gravatar_id": "", "url": "https://api.github.com/users/jscs-dev", "html_url": "https://github.com/jscs-dev", "followers_url": "https://api.github.com/users/jscs-dev/followers", "following_url": "https://api.github.com/users/jscs-dev/following{/other_user}", "gists_url": "https://api.github.com/users/jscs-dev/gists{/gist_id}", "starred_url": "https://api.github.com/users/jscs-dev/starred{/owner}{/repo}", "subscriptions_url": "https://api.github.com/users/jscs-dev/subscriptions", "organizations_url": "https://api.github.com/users/jscs-dev/orgs", "repos_url": "https://api.github.com/users/jscs-dev/repos", "events_url": "https://api.github.com/users/jscs-dev/events{/privacy}", "received_events_url": "https://api.github.com/users/jscs-dev/received_events", "type": "Organization", "site_admin": false}, "html_url": "https://github.com/jscs-dev/node-jscs", "description": ":arrow_heading_up: JavaScript Code Style checker (unmaintained)", "fork": false, "url": "https://api.github.com/repos/jscs-dev/node-jscs", "forks_url": "https://api.github.com/repos/jscs-dev/node-jscs/forks", "keys_url": "https://api.github.com/repos/jscs-dev/node-jscs/keys{/key_id}", "collaborators_url": "https://api.github.com/repos/jscs-dev/node-jscs/collaborators{/collaborator}", "teams_url": "https://api.github.com/repos/jscs-dev/node-jscs/teams", "hooks_url": "https://api.github.com/repos/jscs-dev/node-jscs/hooks", "issue_events_url": "https://api.github.com/repos/jscs-dev/node-jscs/issues/events{/number}", "events_url": "https://api.github.com/repos/jscs-dev/node-jscs/events", "assignees_url": "https://api.github.com/repos/jscs-dev/node-jscs/assignees{/user}", "branches_url": "https://api.github.com/repos/jscs-dev/node-jscs/branches{/branch}", "tags_url": "https://api.github.com/repos/jscs-dev/node-jscs/tags", "blobs_url": "https://api.github.com/repos/jscs-dev/node-jscs/git/blobs{/sha}", "git_tags_url": "https://api.github.com/repos/jscs-dev/node-jscs/git/tags{/sha}", "git_refs_url": "https://api.github.com/repos/jscs-dev/node-jscs/git/refs{/sha}", "trees_url": "https://api.github.com/repos/jscs-dev/node-jscs/git/trees{/sha}", "statuses_url": "https://api.github.com/repos/jscs-dev/node-jscs/statuses/{sha}", "languages_url": "https://api.github.com/repos/jscs-dev/node-jscs/languages", "stargazers_url": "https://api.github.com/repos/jscs-dev/node-jscs/stargazers", "contributors_url": "https://api.github.com/repos/jscs-dev/node-jscs/contributors", "subscribers_url": "https://api.github.com/repos/jscs-dev/node-jscs/subscribers", "subscription_url": "https://api.github.com/repos/jscs-dev/node-jscs/subscription", "commits_url": "https://api.github.com/repos/jscs-dev/node-jscs/commits{/sha}", "git_commits_url": "https://api.github.com/repos/jscs-dev/node-jscs/git/commits{/sha}", "comments_url": "https://api.github.com/repos/jscs-dev/node-jscs/comments{/number}", "issue_comment_url": "https://api.github.com/repos/jscs-dev/node-jscs/issues/comments{/number}", "contents_url": "https://api.github.com/repos/jscs-dev/node-jscs/contents/{+path}", "compare_url": "https://api.github.com/repos/jscs-dev/node-jscs/compare/{base}...{head}", "merges_url": "https://api.github.com/repos/jscs-dev/node-jscs/merges", "archive_url": "https://api.github.com/repos/jscs-dev/node-jscs/{archive_format}{/ref}", "downloads_url": "https://api.github.com/repos/jscs-dev/node-jscs/downloads", "issues_url": "https://api.github.com/repos/jscs-dev/node-jscs/issues{/number}", "pulls_url": "https://api.github.com/repos/jscs-dev/node-jscs/pulls{/number}", "milestones_url": "https://api.github.com/repos/jscs-dev/node-jscs/milestones{/number}", "notifications_url": "https://api.github.com/repos/jscs-dev/node-jscs/notifications{?since,all,participating}", "labels_url": "https://api.github.com/repos/jscs-dev/node-jscs/labels{/name}", "releases_url": "https://api.github.com/repos/jscs-dev/node-jscs/releases{/id}", "deployments_url": "https://api.github.com/repos/jscs-dev/node-jscs/deployments", "created_at": "2013-06-14T20:53:48Z", "updated_at": "2022-08-18T17:27:23Z", "pushed_at": "2017-06-15T11:14:30Z", "git_url": "git://github.com/jscs-dev/node-jscs.git", "ssh_url": "git@github.com:jscs-dev/node-jscs.git", "clone_url": "https://github.com/jscs-dev/node-jscs.git", "svn_url": "https://github.com/jscs-dev/node-jscs", "homepage": "https://jscs-dev.github.io", "size": 4882, "stargazers_count": 5004, "watchers_count": 5004, "language": "JavaScript", "has_issues": true, "has_projects": true, "has_downloads": true, "has_wiki": true, "has_pages": false, "forks_count": 554, "mirror_url": null, "archived": true, "disabled": false, "open_issues_count": 0, "license": {"key": "mit", "name": "MIT License", "spdx_id": "MIT", "url": "https://api.github.com/licenses/mit", "node_id": "MDc6TGljZW5zZTEz"}, "allow_forking": true, "is_template": false, "web_commit_signoff_required": false, "topics": ["jscs", "unmaintained"], "visibility": "public", "forks": 554, "open_issues": 0, "watchers": 5004, "default_branch": "master", "permissions": {"admin": false, "maintain": false, "push": false, "triage": false, "pull": true}, "score": 1.0}]}